sexual_stage,asexual_blood_stage
0.055857564950388135,0.7809559550216699
