sexual_stage,asexual_blood_stage
0.0033493168596135012,0.250985604917999
0.00144589845058881,0.4398493455644202
0.002672829822050973,0.2912563740564534
